,cluster,NPP,Light,SO2,NO2,LSTV,X,Y,yTest,yPred
0,0,0.0,0.0,0.0,0.0,0.0,938685.659452,2362055.49709,0.0,0.0
1,0,572.799987793,49.0,0.0,0.0,437347.9375,938685.659452,2372055.49709,0.0,0.0
2,0,894.499938965,60.0,0.0,0.0,214559.0625,948685.659452,2372055.49709,0.0,0.0
